Iterations	Average (ms)	Total (ms)	Memory Usage (bytes)
10000	0.0649415315	649.528351	10250752
20000	0.15838055020000003	2234.161966	9964968
30000	0.39565575090000005	6190.862719	25915120
40000	0.6498352797	12689.314031	30375408
50000	1.0012269034	22701.690238	32751936
60000	1.21841887	34885.971911	37753104
70000	1.5494227746	50380.304163	39918832
80000	1.9474198608	69854.594395	45967280
90000	2.2384004755999998	92238.757665	49706504
